image,noise_setting,filter,MSE,PSNR_dB,SSIM
smooth,gaussian_0_0.01,arithmetic_mean_k3,110.41819251336898,27.700397271735063,0.6556220916807614
smooth,gaussian_0_0.01,geometric_mean_k3,354.74922994652405,22.63158899459578,0.38717078380800973
smooth,gaussian_0_0.01,harmonic_mean_k3,464.82736898395723,21.457886695218406,0.33802419670873773
smooth,gaussian_0_0.01,contraharmonic_k3_Q1,454.301807486631,21.55735896164426,0.49606119082116107
smooth,gaussian_0_0.01,contraharmonic_k3_Q-1,464.82736898395723,21.457886695218406,0.33802419670873773
smooth,gaussian_0_0.01,median_k3,139.30192513368985,26.691232425117057,0.5677917430574116
smooth,gaussian_0_0.01,min_k3,1196.3820855614974,17.35210459517688,0.22458433573443756
smooth,gaussian_0_0.01,max_k3,1920.1779465240643,15.297388834078674,0.3239742039501583
smooth,gaussian_0_0.01,midpoint_k3,230.51573796791445,24.50379779605164,0.5370921640329506
smooth,gaussian_0_0.01,alpha_trimmed_k3_d2,106.43733689839573,27.859863610614667,0.648717608357209
smooth,gaussian_0_0.01,alpha_trimmed_k3_d6,121.10274866310161,27.29926360452599,0.6042493527257976
smooth,gaussian_0_0.01,adaptive_local_noise_reduction_k3,172.08583957219253,25.773352258609506,0.5586672392222976
smooth,gaussian_0_0.01,arithmetic_mean_k5,131.35300534759358,26.94640347004714,0.7185729624094224
smooth,gaussian_0_0.01,geometric_mean_k5,541.2722245989305,20.796646190399393,0.332947449262801
smooth,gaussian_0_0.01,harmonic_mean_k5,875.6366844919786,18.707564129757817,0.25551904616062987
smooth,gaussian_0_0.01,contraharmonic_k5_Q1,566.1448288770054,20.601528160114185,0.5488414520537335
smooth,gaussian_0_0.01,contraharmonic_k5_Q-1,875.6366844919786,18.707564129757817,0.25551904616062987
smooth,gaussian_0_0.01,median_k5,117.02192513368983,27.44813122433655,0.6747523576536562
smooth,gaussian_0_0.01,min_k5,2029.2319518716577,15.057486688565383,0.1479110835214103
smooth,gaussian_0_0.01,max_k5,3466.155181818182,12.732323584338502,0.2961786403472117
smooth,gaussian_0_0.01,midpoint_k5,426.70624064171125,21.82951366341292,0.5032045300170933
smooth,gaussian_0_0.01,alpha_trimmed_k5_d2,123.41130481283423,27.217254167869047,0.7243738205479748
smooth,gaussian_0_0.01,alpha_trimmed_k5_d6,114.6427486631016,27.537337707526355,0.7278860711770786
smooth,gaussian_0_0.01,adaptive_local_noise_reduction_k5,154.8020320855615,26.233037035019564,0.6227809833387576
smooth,gaussian_0_0.01,adaptive_median_Smax7,270.3865614973262,23.810952579643928,0.42278358651245246
smooth,gaussian_0_0.05,arithmetic_mean_k3,412.24673262032087,21.97923138663151,0.3788905299536784
smooth,gaussian_0_0.05,geometric_mean_k3,1127.7039732620322,17.60885250273279,0.18540076654944299
smooth,gaussian_0_0.05,harmonic_mean_k3,1506.7449251336898,16.350406234723756,0.14060873926738143
smooth,gaussian_0_0.05,contraharmonic_k3_Q1,2649.5376310160427,13.899102687493768,0.2308033275118552
smooth,gaussian_0_0.05,contraharmonic_k3_Q-1,1506.7449251336898,16.350406234723756,0.14060873926738143
smooth,gaussian_0_0.05,median_k3,473.177192513369,21.38056557719085,0.3167981035893055
smooth,gaussian_0_0.05,min_k3,3114.478021390374,13.196950904265933,0.08756444114481796
smooth,gaussian_0_0.05,max_k3,7901.2481229946525,9.15384660702243,0.1587246678683144
smooth,gaussian_0_0.05,midpoint_k3,1136.0449411764705,17.576848487544485,0.26414010515249575
smooth,gaussian_0_0.05,alpha_trimmed_k3_d2,359.1188609625668,22.578421459482957,0.38035931834160003
smooth,gaussian_0_0.05,alpha_trimmed_k3_d6,399.94298930481284,22.11082272527291,0.3489683978527244
smooth,gaussian_0_0.05,adaptive_local_noise_reduction_k3,772.5176844919786,19.25171930778323,0.27509270657260515
smooth,gaussian_0_0.05,arithmetic_mean_k5,327.49795187165773,22.97871772551158,0.5059511098781684
smooth,gaussian_0_0.05,geometric_mean_k5,1392.1976577540106,16.693794621035085,0.1557914368949028
smooth,gaussian_0_0.05,harmonic_mean_k5,2308.4622032085563,14.497575926900158,0.09622921900999161
smooth,gaussian_0_0.05,contraharmonic_k5_Q1,2817.43928342246,13.632257952123082,0.30397593787736404
smooth,gaussian_0_0.05,contraharmonic_k5_Q-1,2308.4622032085563,14.497575926900158,0.09622921900999161
smooth,gaussian_0_0.05,median_k5,264.51216577540106,23.906347094206396,0.44276443180819397
smooth,gaussian_0_0.05,min_k5,4567.000203208556,11.534493299369874,0.05171001076769303
smooth,gaussian_0_0.05,max_k5,12801.91013368984,7.05805586639571,0.16660256977341142
smooth,gaussian_0_0.05,midpoint_k5,1900.6076737967915,15.341878824504,0.266065606998787
smooth,gaussian_0_0.05,alpha_trimmed_k5_d2,280.4099625668449,23.652869214343987,0.5155692232362984
smooth,gaussian_0_0.05,alpha_trimmed_k5_d6,235.1722139037433,24.416943532475734,0.5243119408641244
smooth,gaussian_0_0.05,adaptive_local_noise_reduction_k5,653.0544812834224,19.981309469224385,0.339479226313294
smooth,gaussian_0_0.05,adaptive_median_Smax7,1107.0927165775402,17.6889636725942,0.19408228744955036
smooth,rayleigh_0.1,arithmetic_mean_k3,1003.805614973262,18.11430740208181,0.5872788147696694
smooth,rayleigh_0.1,geometric_mean_k3,857.4665294117647,18.798631841944736,0.6053465973502257
smooth,rayleigh_0.1,harmonic_mean_k3,736.9271925133689,19.456557786420156,0.6160458819505553
smooth,rayleigh_0.1,contraharmonic_k3_Q1,1355.2305187165775,16.810671878038235,0.5369892428116615
smooth,rayleigh_0.1,contraharmonic_k3_Q-1,736.9271925133689,19.456557786420156,0.6160458819505553
smooth,rayleigh_0.1,median_k3,966.5099786096257,18.27874018661925,0.5472235773466735
smooth,rayleigh_0.1,min_k3,235.24369518716577,24.415623682250057,0.6411051858506519
smooth,rayleigh_0.1,max_k3,4032.882727272727,12.074647675830386,0.3160371563122102
smooth,rayleigh_0.1,midpoint_k3,1227.1807112299466,17.24171840430077,0.5132198259465981
smooth,rayleigh_0.1,alpha_trimmed_k3_d2,963.7913796791444,18.2909732329214,0.5854434582984296
smooth,rayleigh_0.1,alpha_trimmed_k3_d6,942.9804438502674,18.38577674722293,0.5678125372714283
smooth,rayleigh_0.1,adaptive_local_noise_reduction_k3,1001.9979037433155,18.122135479131934,0.5696702938538865
smooth,rayleigh_0.1,arithmetic_mean_k5,1039.5556684491978,17.962326100066154,0.5935339655863949
smooth,rayleigh_0.1,geometric_mean_k5,861.081935828877,18.780358823697775,0.6117746801366261
smooth,rayleigh_0.1,harmonic_mean_k5,726.7711176470589,19.51682701031784,0.6219514134804202
smooth,rayleigh_0.1,contraharmonic_k5_Q1,1498.8351122994652,16.373265023740338,0.5439639829941267
smooth,rayleigh_0.1,contraharmonic_k5_Q-1,726.7711176470589,19.51682701031784,0.6219514134804202
smooth,rayleigh_0.1,median_k5,963.3994812834225,18.292739527236325,0.5885560942822523
smooth,rayleigh_0.1,min_k5,444.2721550802139,21.65431266339548,0.6319598024145744
smooth,rayleigh_0.1,max_k5,5999.9206096256685,10.349348569891996,0.2797041479856413
smooth,rayleigh_0.1,midpoint_k5,1501.7274652406418,16.364892371754824,0.46693442026848603
smooth,rayleigh_0.1,alpha_trimmed_k5_d2,1011.0775935828877,18.08295874741026,0.5975795063550948
smooth,rayleigh_0.1,alpha_trimmed_k5_d6,977.5944759358289,18.229216220174727,0.601862596524299
smooth,rayleigh_0.1,adaptive_local_noise_reduction_k5,992.1981764705882,18.164819363429995,0.6162497308585242
smooth,rayleigh_0.1,adaptive_median_Smax7,1058.9073101604279,17.882224144031255,0.43808881227334684
smooth,rayleigh_0.3,arithmetic_mean_k3,8207.535850267379,8.988675724772797,0.2731757137916567
smooth,rayleigh_0.3,geometric_mean_k3,6839.408614973262,9.780618097848402,0.2848271132115704
smooth,rayleigh_0.3,harmonic_mean_k3,5625.201139037433,10.629423048378804,0.29081298783751325
smooth,rayleigh_0.3,contraharmonic_k3_Q1,11251.386524064172,7.618743164075443,0.24252079642850197
smooth,rayleigh_0.3,contraharmonic_k3_Q-1,5625.201139037433,10.629423048378804,0.29081298783751325
smooth,rayleigh_0.3,median_k3,8108.411122994652,9.041446001363585,0.22516065300150306
smooth,rayleigh_0.3,min_k3,1223.838064171123,17.25356404242615,0.31683010850880755
smooth,rayleigh_0.3,max_k3,26045.402122994652,3.973492938410082,0.16174050224608996
smooth,rayleigh_0.3,midpoint_k3,9064.514187165776,8.557358278348314,0.2507877530756729
smooth,rayleigh_0.3,alpha_trimmed_k3_d2,8066.141347593583,9.064145327398185,0.2621224250124855
smooth,rayleigh_0.3,alpha_trimmed_k3_d6,8015.587983957219,9.091449753103817,0.24022058094938323
smooth,rayleigh_0.3,adaptive_local_noise_reduction_k3,8265.302026737967,8.958216328879567,0.26456242143107533
smooth,rayleigh_0.3,arithmetic_mean_k5,8123.898481283422,9.03315873177718,0.3238900916713102
smooth,rayleigh_0.3,geometric_mean_k5,6605.348368983957,9.931846334309672,0.34107749891580885
smooth,rayleigh_0.3,harmonic_mean_k5,5200.967128342246,10.969962519545833,0.35268293391201677
smooth,rayleigh_0.3,contraharmonic_k5_Q1,11477.515454545455,7.532324746492558,0.28376004614404277
smooth,rayleigh_0.3,contraharmonic_k5_Q-1,5200.967128342246,10.969962519545833,0.35268293391201677
smooth,rayleigh_0.3,median_k5,7927.908780748663,9.13921716394401,0.2817975493160885
smooth,rayleigh_0.3,min_k5,591.277,20.4128937509958,0.4222131174645582
smooth,rayleigh_0.3,max_k5,32929.45548663101,2.954958114832617,0.15401364333757223
smooth,rayleigh_0.3,midpoint_k5,9617.467508021391,8.300196331217947,0.266709043918267
smooth,rayleigh_0.3,alpha_trimmed_k5_d2,8035.261941176471,9.080803219896692,0.3214735920367194
smooth,rayleigh_0.3,alpha_trimmed_k5_d6,7921.44877540107,9.142757427100982,0.3164944342125518
smooth,rayleigh_0.3,adaptive_local_noise_reduction_k5,8132.0863155080215,9.02878381193364,0.31555163991971713
smooth,rayleigh_0.3,adaptive_median_Smax7,8620.44344919786,8.775507536759067,0.16932393232245946
smooth,erlang_2_5,arithmetic_mean_k3,8600.579160427807,8.785526633791223,0.24496203964549987
smooth,erlang_2_5,geometric_mean_k3,6605.8190213903745,9.931536896487792,0.2652519280252729
smooth,erlang_2_5,harmonic_mean_k3,5016.504695187165,11.126791378082835,0.28160098845994636
smooth,erlang_2_5,contraharmonic_k3_Q1,13461.857770053475,6.8397536311897404,0.20403419179879695
smooth,erlang_2_5,contraharmonic_k3_Q-1,5016.504695187165,11.126791378082835,0.28160098845994636
smooth,erlang_2_5,median_k3,7952.773475935829,9.125617485336203,0.1950476577386248
smooth,erlang_2_5,min_k3,860.5171497326203,18.783208308178995,0.3521700605089997
smooth,erlang_2_5,max_k3,32581.238695187167,3.001127692852852,0.1410067539495046
smooth,erlang_2_5,midpoint_k3,10326.129422459893,7.9914279689620615,0.24293446935913068
smooth,erlang_2_5,alpha_trimmed_k3_d2,8267.0101657754,8.95731889196659,0.23120663098843916
smooth,erlang_2_5,alpha_trimmed_k3_d6,7893.742449197861,9.15797408395047,0.20914578631542813
smooth,erlang_2_5,adaptive_local_noise_reduction_k3,8663.87331550802,8.753682675251213,0.24021393182761935
smooth,erlang_2_5,arithmetic_mean_k5,8446.875919786096,8.863842461984651,0.29664603228933356
smooth,erlang_2_5,geometric_mean_k5,6280.890598930481,10.150591319749964,0.3249949577494952
smooth,erlang_2_5,harmonic_mean_k5,4511.979705882353,11.587132232709777,0.3507018536679263
smooth,erlang_2_5,contraharmonic_k5_Q1,13738.415443850268,6.751437157481755,0.2436649481100585
smooth,erlang_2_5,contraharmonic_k5_Q-1,4511.979705882353,11.587132232709777,0.3507018536679263
smooth,erlang_2_5,median_k5,7501.171983957219,9.379512379560236,0.24919644080667908
smooth,erlang_2_5,min_k5,461.335743315508,21.490632567401875,0.47957578953096447
smooth,erlang_2_5,max_k5,39219.22410695187,2.1958136331081386,0.16131457236311006
smooth,erlang_2_5,midpoint_k5,10813.18404278075,7.7912676602663815,0.28627516491822874
smooth,erlang_2_5,alpha_trimmed_k5_d2,8298.428679144385,8.940844950678725,0.29166377015838607
smooth,erlang_2_5,alpha_trimmed_k5_d6,7959.561545454545,9.121912156973499,0.2852626171761193
smooth,erlang_2_5,adaptive_local_noise_reduction_k5,8461.053032085561,8.856559437432752,0.2905122267297725
smooth,erlang_2_5,adaptive_median_Smax7,8760.01392513369,8.70575564334086,0.14942882646540598
smooth,erlang_2_10,arithmetic_mean_k3,2507.7845080213906,14.137901456940869,0.38968390036851736
smooth,erlang_2_10,geometric_mean_k3,1931.6847914438504,15.271441003334518,0.4304629196078653
smooth,erlang_2_10,harmonic_mean_k3,1504.4594010695187,16.356998883859497,0.461068724739819
smooth,erlang_2_10,contraharmonic_k3_Q1,4103.0174491978605,11.999769969416434,0.3052120660480622
smooth,erlang_2_10,contraharmonic_k3_Q-1,1504.4594010695187,16.356998883859497,0.461068724739819
smooth,erlang_2_10,median_k3,2104.3405721925133,14.899643322995711,0.36079179198169453
smooth,erlang_2_10,min_k3,285.5776898395722,23.573560847876802,0.5669845418491685
smooth,erlang_2_10,max_k3,12909.951112299465,7.021557631947337,0.16075743580290036
smooth,erlang_2_10,midpoint_k3,3759.483807486631,12.379521422566953,0.30849575021663955
smooth,erlang_2_10,alpha_trimmed_k3_d2,2254.5364812834223,14.600230937283605,0.39281217013618647
smooth,erlang_2_10,alpha_trimmed_k3_d6,2082.9496470588233,14.944015893689478,0.3791842640007829
smooth,erlang_2_10,adaptive_local_noise_reduction_k3,2596.118962566845,13.987557715059147,0.3580547881776038
smooth,erlang_2_10,arithmetic_mean_k5,2482.855732620321,14.181288754443013,0.45056581774905996
smooth,erlang_2_10,geometric_mean_k5,1850.6661229946524,15.457522857238743,0.49237897199756575
smooth,erlang_2_10,harmonic_mean_k5,1384.9612887700534,16.716427263183526,0.5235363216339035
smooth,erlang_2_10,contraharmonic_k5_Q1,4265.515983957219,11.831087871624437,0.35565062721660606
smooth,erlang_2_10,contraharmonic_k5_Q-1,1384.9612887700534,16.716427263183526,0.5235363216339035
smooth,erlang_2_10,median_k5,1986.7125294117648,15.14945330155783,0.44231638480412555
smooth,erlang_2_10,min_k5,415.6358770053476,21.94367332779308,0.6149339862302776
smooth,erlang_2_10,max_k5,19211.417764705882,5.295209447481161,0.1609901641160765
smooth,erlang_2_10,midpoint_k5,4878.569711229947,11.247878457438084,0.29462892796205237
smooth,erlang_2_10,alpha_trimmed_k5_d2,2334.3362513368984,14.44916946355651,0.45725368010647877
smooth,erlang_2_10,alpha_trimmed_k5_d6,2164.5648823529414,14.777097526427195,0.4628838593471757
smooth,erlang_2_10,adaptive_local_noise_reduction_k5,2502.7643743315507,14.146603964951979,0.4245123614102944
smooth,erlang_2_10,adaptive_median_Smax7,2554.742053475936,14.05733303914705,0.2576643306082065
smooth,exponential_1,arithmetic_mean_k3,18829.177620320857,5.38249008602498,0.16634975059294504
smooth,exponential_1,geometric_mean_k3,13951.28588235294,6.684661227297363,0.1764591542630639
smooth,exponential_1,harmonic_mean_k3,9553.258160427808,8.32928846899573,0.18543532086303435
smooth,exponential_1,contraharmonic_k3_Q1,27636.010748663102,3.7160500794289164,0.14773373690740543
smooth,exponential_1,contraharmonic_k3_Q-1,9553.258160427808,8.32928846899573,0.18543532086303435
smooth,exponential_1,median_k3,25691.434032085563,4.03292014684867,0.11702986189211137
smooth,exponential_1,min_k3,1552.6517486631017,16.220063041053688,0.2294288999774793
smooth,exponential_1,max_k3,40992.93326737968,2.003713653067501,0.18296400784558348
smooth,exponential_1,midpoint_k3,13170.25328342246,6.93486233701495,0.2115293176874267
smooth,exponential_1,alpha_trimmed_k3_d2,20802.984502673797,4.949547153252626,0.1480250940687242
smooth,exponential_1,alpha_trimmed_k3_d6,24379.030213903745,4.260639352675465,0.12664056508831997
smooth,exponential_1,adaptive_local_noise_reduction_k3,18869.034919786096,5.373306726653397,0.16548513774459273
smooth,exponential_1,arithmetic_mean_k5,18514.366935828875,5.455714941166171,0.21043644805971007
smooth,exponential_1,geometric_mean_k5,13016.862898395722,6.985740302514833,0.22647371373277225
smooth,exponential_1,harmonic_mean_k5,7729.26913368984,9.249419311425953,0.24705087326878658
smooth,exponential_1,contraharmonic_k5_Q1,27961.912465240643,3.6651348904832526,0.18801786099486942
smooth,exponential_1,contraharmonic_k5_Q-1,7729.26913368984,9.249419311425953,0.24705087326878658
smooth,exponential_1,median_k5,26443.89471657754,3.9075494147066516,0.146413489194058
smooth,exponential_1,min_k5,441.8202406417112,21.678347530046317,0.45514718850177077
smooth,exponential_1,max_k5,41096.09928342246,1.9927975894512686,0.18768480061721995
smooth,exponential_1,midpoint_k5,10975.604475935828,7.726519127433508,0.2977015094333678
smooth,exponential_1,alpha_trimmed_k5_d2,19295.73576470588,5.276190175842569,0.20172949309571292
smooth,exponential_1,alpha_trimmed_k5_d6,20867.31053475936,4.936138818637723,0.1862322518112906
smooth,exponential_1,adaptive_local_noise_reduction_k5,18535.457764705883,5.450770447278016,0.20852945986512136
smooth,exponential_1,adaptive_median_Smax7,19722.205951871656,5.181248711985869,0.10959295828110435
smooth,exponential_3,arithmetic_mean_k3,5803.626748663101,10.49380887186379,0.25050816699310835
smooth,exponential_3,geometric_mean_k3,3656.2755561497324,12.500414418571026,0.2919662830598216
smooth,exponential_3,harmonic_mean_k3,2311.9388395721926,14.49104019868397,0.3362997373728367
smooth,exponential_3,contraharmonic_k3_Q1,12098.488272727272,7.30349253016631,0.18569992990856757
smooth,exponential_3,contraharmonic_k3_Q-1,2311.9388395721926,14.49104019868397,0.3362997373728367
smooth,exponential_3,median_k3,4663.768074866311,11.443434156671646,0.2013726723038305
smooth,exponential_3,min_k3,274.92614973262033,23.738643109318083,0.5261070089966942
smooth,exponential_3,max_k3,31861.085604278076,3.0981979141424882,0.13092369019918343
smooth,exponential_3,midpoint_k3,8566.47529946524,8.802781938883273,0.2603181945556287
smooth,exponential_3,alpha_trimmed_k3_d2,5259.845550802139,10.921073690752294,0.23638910332572632
smooth,exponential_3,alpha_trimmed_k3_d6,4641.349267379679,11.464361100122675,0.2157950296634849
smooth,exponential_3,adaptive_local_noise_reduction_k3,5901.56328342246,10.42113292372417,0.24469048963669926
smooth,exponential_3,arithmetic_mean_k5,5597.890513368984,10.650559608257783,0.31234785170517104
smooth,exponential_3,geometric_mean_k5,3328.349973262032,12.908513751406465,0.36840033233906255
smooth,exponential_3,harmonic_mean_k5,1936.9249144385026,15.259675753976767,0.4317314604340431
smooth,exponential_3,contraharmonic_k5_Q1,12445.660647058823,7.180624058648891,0.22982915480533386
smooth,exponential_3,contraharmonic_k5_Q-1,1936.9249144385026,15.259675753976767,0.4317314604340431
smooth,exponential_3,median_k5,4007.7246844919787,12.101824813701874,0.2695836958945497
smooth,exponential_3,min_k5,417.1606684491979,21.927770061774325,0.6424917930468708
smooth,exponential_3,max_k5,39324.81394117647,2.1841368435991004,0.16011763446952967
smooth,exponential_3,midpoint_k5,9648.109534759358,8.286381355088645,0.30560541224437154
smooth,exponential_3,alpha_trimmed_k5_d2,5340.102203208557,10.855307918796619,0.30759888983098405
smooth,exponential_3,alpha_trimmed_k5_d6,4821.184994652406,11.299265646648681,0.30236286343147495
smooth,exponential_3,adaptive_local_noise_reduction_k5,5641.593064171123,10.616786041741753,0.3033314810270771
smooth,exponential_3,adaptive_median_Smax7,5836.954796791444,10.468940308574002,0.15343984545265307
smooth,uniform_-0.1_0.1,arithmetic_mean_k3,65.00986631016043,30.00101087934403,0.7884014533263244
smooth,uniform_-0.1_0.1,geometric_mean_k3,178.62522994652406,25.611375599957288,0.549942403115457
smooth,uniform_-0.1_0.1,harmonic_mean_k3,242.4182459893048,24.28515056288458,0.5014164248043331
smooth,uniform_-0.1_0.1,contraharmonic_k3_Q1,177.08885026737968,25.648891425337705,0.7094253842868571
smooth,uniform_-0.1_0.1,contraharmonic_k3_Q-1,242.4182459893048,24.28515056288458,0.5014164248043331
smooth,uniform_-0.1_0.1,median_k3,87.54179679144384,28.708649046246176,0.669639515230671
smooth,uniform_-0.1_0.1,min_k3,684.6468877005348,19.776137226066332,0.38675892507678766
smooth,uniform_-0.1_0.1,max_k3,798.6782834224599,19.10708485021908,0.5920611553440862
smooth,uniform_-0.1_0.1,midpoint_k3,98.05108556149733,28.21627954595283,0.7905649786646555
smooth,uniform_-0.1_0.1,alpha_trimmed_k3_d2,65.81616042780749,29.947478179696354,0.7639373073460956
smooth,uniform_-0.1_0.1,alpha_trimmed_k3_d6,76.12713368983957,29.31540882659002,0.7052968034462562
smooth,uniform_-0.1_0.1,adaptive_local_noise_reduction_k3,62.375641711229946,30.18065334257104,0.7529930304781193
smooth,uniform_-0.1_0.1,arithmetic_mean_k5,107.1057540106952,27.832675579355154,0.788015587778114
smooth,uniform_-0.1_0.1,geometric_mean_k5,324.38004812834225,23.0202622696332,0.4697228143844787
smooth,uniform_-0.1_0.1,harmonic_mean_k5,524.3625080213903,20.93448728844361,0.3911928824670949
smooth,uniform_-0.1_0.1,contraharmonic_k5_Q1,293.45608556149733,23.455372407195505,0.6891000568274886
smooth,uniform_-0.1_0.1,contraharmonic_k5_Q-1,524.3625080213903,20.93448728844361,0.3911928824670949
smooth,uniform_-0.1_0.1,median_k5,92.25480748663102,28.48091353944515,0.7362540790501354
smooth,uniform_-0.1_0.1,min_k5,1278.7972139037433,17.062786794580852,0.27480957995167354
smooth,uniform_-0.1_0.1,max_k5,1576.3266844919785,16.154341333935893,0.5214980853783905
smooth,uniform_-0.1_0.1,midpoint_k5,239.85938502673798,24.331236450053932,0.6995266792674613
smooth,uniform_-0.1_0.1,alpha_trimmed_k5_d2,102.3406844919786,28.03032043501549,0.7890835189800832
smooth,uniform_-0.1_0.1,alpha_trimmed_k5_d6,95.66201069518716,28.32340855912068,0.786315856959021
smooth,uniform_-0.1_0.1,adaptive_local_noise_reduction_k5,61.779636363636364,30.22235013162286,0.7841060205398187
smooth,uniform_-0.1_0.1,adaptive_median_Smax7,133.76223529411766,26.867468432386588,0.5569730085701606
smooth,uniform_-0.3_0.3,arithmetic_mean_k3,279.8894385026738,23.66093849992133,0.4568505912707269
smooth,uniform_-0.3_0.3,geometric_mean_k3,706.7314438502674,19.638259465209707,0.2511524154169253
smooth,uniform_-0.3_0.3,harmonic_mean_k3,891.9861978609625,18.627222264908877,0.21530798746531435
smooth,uniform_-0.3_0.3,contraharmonic_k3_Q1,1449.8593155080214,16.517544975727642,0.3437738722970974
smooth,uniform_-0.3_0.3,contraharmonic_k3_Q-1,891.9861978609625,18.627222264908877,0.21530798746531435
smooth,uniform_-0.3_0.3,median_k3,466.95389304812835,21.438063603517463,0.3179383106274885
smooth,uniform_-0.3_0.3,min_k3,2073.39971657754,14.963973260341525,0.16066593496550072
smooth,uniform_-0.3_0.3,max_k3,4151.859834224599,11.948376774558156,0.29010151085163727
smooth,uniform_-0.3_0.3,midpoint_k3,458.37954545454545,21.51855131259406,0.4962497553059338
smooth,uniform_-0.3_0.3,alpha_trimmed_k3_d2,291.2962994652406,23.48745393343004,0.4221482954643153
smooth,uniform_-0.3_0.3,alpha_trimmed_k3_d6,383.10570588235294,22.297617405612446,0.35576289073242534
smooth,uniform_-0.3_0.3,adaptive_local_noise_reduction_k3,506.8388449197861,21.082104683743047,0.35263728506638214
smooth,uniform_-0.3_0.3,arithmetic_mean_k5,241.910128342246,24.29426308996049,0.5743178174833956
smooth,uniform_-0.3_0.3,geometric_mean_k5,940.6946951871657,18.396316659313538,0.22603780421161712
smooth,uniform_-0.3_0.3,harmonic_mean_k5,1342.4205561497326,16.851917670897468,0.18247695164488942
smooth,uniform_-0.3_0.3,contraharmonic_k5_Q1,1580.360807486631,16.143241101086574,0.4301092890095955
smooth,uniform_-0.3_0.3,contraharmonic_k5_Q-1,1342.4205561497326,16.851917670897468,0.18247695164488942
smooth,uniform_-0.3_0.3,median_k5,280.5973529411765,23.649967911408677,0.4280008038918882
smooth,uniform_-0.3_0.3,min_k5,2892.716705882353,13.517744571530033,0.14069596473400303
smooth,uniform_-0.3_0.3,max_k5,6039.654957219252,10.32068232587185,0.3361516400714986
smooth,uniform_-0.3_0.3,midpoint_k5,708.6158823529412,19.626694788304718,0.5356475649367841
smooth,uniform_-0.3_0.3,alpha_trimmed_k5_d2,226.79967379679144,24.574379352870558,0.5687834704868696
smooth,uniform_-0.3_0.3,alpha_trimmed_k5_d6,210.53443315508022,24.897572255119172,0.5544393805217229
smooth,uniform_-0.3_0.3,adaptive_local_noise_reduction_k5,467.1626417112299,21.436122552468145,0.410685258981435
smooth,uniform_-0.3_0.3,adaptive_median_Smax7,924.5224973262032,18.471628771242063,0.21188498001311326
smooth,salt_pepper_d0.05,arithmetic_mean_k3,198.46773262032085,25.15390452711129,0.5514653266581272
smooth,salt_pepper_d0.05,geometric_mean_k3,1417.7645935828878,16.61476234530823,0.48074871580835726
smooth,salt_pepper_d0.05,harmonic_mean_k3,1780.1221711229946,15.626305515793481,0.4583931322753252
smooth,salt_pepper_d0.05,contraharmonic_k3_Q1,3507.596577540107,12.680707232158914,0.33324928309635354
smooth,salt_pepper_d0.05,contraharmonic_k3_Q-1,1780.1221711229946,15.626305515793481,0.4583931322753252
smooth,salt_pepper_d0.05,median_k3,33.14641176470588,32.92643839745034,0.9259784806493472
smooth,salt_pepper_d0.05,min_k3,1966.485898395722,15.193895244221105,0.41182272785920676
smooth,salt_pepper_d0.05,max_k3,8654.887481283422,8.75818934707955,0.17627608126939326
smooth,salt_pepper_d0.05,midpoint_k3,2258.878679144385,14.591874546013894,0.20270409526687713
smooth,salt_pepper_d0.05,alpha_trimmed_k3_d2,65.70917647058823,29.954543366315942,0.8276107860356184
smooth,salt_pepper_d0.05,alpha_trimmed_k3_d6,33.987577540106955,32.817601494609626,0.9252719594860876
smooth,salt_pepper_d0.05,adaptive_local_noise_reduction_k3,630.5275026737968,20.133763262649662,0.444685942782443
smooth,salt_pepper_d0.05,arithmetic_mean_k5,169.70907486631015,25.83375294867338,0.6355551780866442
smooth,salt_pepper_d0.05,geometric_mean_k5,1644.474946524064,15.970530994488925,0.44499004831573896
smooth,salt_pepper_d0.05,harmonic_mean_k5,4019.8167860962567,12.088741014651955,0.25899004988586355
smooth,salt_pepper_d0.05,contraharmonic_k5_Q1,4106.8553315508025,11.99570956240648,0.28301766058078204
smooth,salt_pepper_d0.05,contraharmonic_k5_Q-1,4019.8167860962567,12.088741014651955,0.25899004988586355
smooth,salt_pepper_d0.05,median_k5,66.65843315508022,29.89225259765722,0.8659137224320667
smooth,salt_pepper_d0.05,min_k5,4303.480727272728,11.792604985082193,0.21137716840523013
smooth,salt_pepper_d0.05,max_k5,19639.515877005346,5.1994958284144595,0.0720816397942894
smooth,salt_pepper_d0.05,midpoint_k5,4607.475689839573,11.496173084138864,0.08412608154628017
smooth,salt_pepper_d0.05,alpha_trimmed_k5_d2,117.60977005347594,27.426369600115702,0.7516644849848586
smooth,salt_pepper_d0.05,alpha_trimmed_k5_d6,86.78676470588235,28.74626862113952,0.8444211731482181
smooth,salt_pepper_d0.05,adaptive_local_noise_reduction_k5,313.06555614973263,23.1744507222566,0.5605603007379959
smooth,salt_pepper_d0.05,adaptive_median_Smax7,12.992566844919786,36.99385400983548,0.9679072546141416
smooth,salt_pepper_d0.15,arithmetic_mean_k3,624.8183262032086,20.173266017588993,0.3170941487110993
smooth,salt_pepper_d0.15,geometric_mean_k3,3486.8540909090907,12.706465863737362,0.2728727219199409
smooth,salt_pepper_d0.15,harmonic_mean_k3,4176.185176470588,11.923006133697896,0.2529157818571055
smooth,salt_pepper_d0.15,contraharmonic_k3_Q1,9723.283497326203,8.252674124060214,0.15955842794933953
smooth,salt_pepper_d0.15,contraharmonic_k3_Q-1,4176.185176470588,11.923006133697896,0.2529157818571055
smooth,salt_pepper_d0.15,median_k3,65.48879144385026,29.96913385007897,0.9019234361501967
smooth,salt_pepper_d0.15,min_k3,4284.685967914438,11.811613636401121,0.2293100099162687
smooth,salt_pepper_d0.15,max_k3,20774.376823529412,4.955523559045012,0.04954159170089056
smooth,salt_pepper_d0.15,midpoint_k3,4999.450534759359,11.1415808509886,0.0672339405377297
smooth,salt_pepper_d0.15,alpha_trimmed_k3_d2,289.82208021390375,23.50948891569313,0.5005221422656608
smooth,salt_pepper_d0.15,alpha_trimmed_k3_d6,72.14824064171123,29.548546157213163,0.868060985011572
smooth,salt_pepper_d0.15,adaptive_local_noise_reduction_k3,1138.6208930481284,17.567012122616394,0.26169016046147103
smooth,salt_pepper_d0.15,arithmetic_mean_k5,433.6468983957219,21.759441163664995,0.4341648048312847
smooth,salt_pepper_d0.15,geometric_mean_k5,4114.927631016043,11.987181591633071,0.2707150603196889
smooth,salt_pepper_d0.15,harmonic_mean_k5,7014.965631016043,9.670548132721198,0.08579436410598669
smooth,salt_pepper_d0.15,contraharmonic_k5_Q1,11245.374930481283,7.621064211029612,0.17046330113290947
smooth,salt_pepper_d0.15,contraharmonic_k5_Q-1,7014.965631016043,9.670548132721198,0.08579436410598669
smooth,salt_pepper_d0.15,median_k5,74.82974331550803,29.39006105379603,0.8590296302461216
smooth,salt_pepper_d0.15,min_k5,7095.108957219251,9.62121291707857,0.07063098644971631
smooth,salt_pepper_d0.15,max_k5,35223.514780748665,2.6624767097080158,0.06444332810890477
smooth,salt_pepper_d0.15,midpoint_k5,7427.446449197861,9.422408315805908,0.06994889261017892
smooth,salt_pepper_d0.15,alpha_trimmed_k5_d2,300.3429946524064,23.354628541643084,0.48741211308487503
smooth,salt_pepper_d0.15,alpha_trimmed_k5_d6,140.96517647058823,26.639685215072696,0.7081846063614613
smooth,salt_pepper_d0.15,adaptive_local_noise_reduction_k5,676.6540588235295,19.827136696463516,0.3781910226146998
smooth,salt_pepper_d0.15,adaptive_median_Smax7,19.308048128342246,35.27341988172706,0.9628950288966237
textured,gaussian_0_0.01,arithmetic_mean_k3,198.17678059895835,25.160275918915712,0.5647468023362422
textured,gaussian_0_0.01,geometric_mean_k3,470.53907877604166,21.40484662983453,0.33842384498818906
textured,gaussian_0_0.01,harmonic_mean_k3,584.9464095052083,20.459642813195362,0.2930944243631837
textured,gaussian_0_0.01,contraharmonic_k3_Q1,787.0733919270833,19.170651301316607,0.3536736294808884
textured,gaussian_0_0.01,contraharmonic_k3_Q-1,584.9464095052083,20.459642813195362,0.2930944243631837
textured,gaussian_0_0.01,median_k3,207.010439453125,24.970881135628495,0.5378629965183912
textured,gaussian_0_0.01,min_k3,979.2802734375,18.221733546754457,0.23172441538487384
textured,gaussian_0_0.01,max_k3,2314.1941796875,14.486805638888931,0.22783509276843902
textured,gaussian_0_0.01,midpoint_k3,397.97498372395836,22.13224587216581,0.42537030507357065
textured,gaussian_0_0.01,alpha_trimmed_k3_d2,183.20804361979165,25.501358237249242,0.582122950623797
textured,gaussian_0_0.01,alpha_trimmed_k3_d6,188.52931315104166,25.377014755568656,0.5720776195789519
textured,gaussian_0_0.01,adaptive_local_noise_reduction_k3,200.46642252604167,25.11038720733903,0.48753645091999454
textured,gaussian_0_0.01,arithmetic_mean_k5,253.19346354166666,24.09627871151454,0.5982628861724121
textured,gaussian_0_0.01,geometric_mean_k5,652.445224609375,19.985363040889187,0.27466574532794186
textured,gaussian_0_0.01,harmonic_mean_k5,902.7157649739584,18.57529333849164,0.2202960269638807
textured,gaussian_0_0.01,contraharmonic_k5_Q1,959.663486328125,18.309613899652405,0.3821392194358959
textured,gaussian_0_0.01,contraharmonic_k5_Q-1,902.7157649739584,18.57529333849164,0.2202960269638807
textured,gaussian_0_0.01,median_k5,241.36522135416666,24.30405668686165,0.6225356969485127
textured,gaussian_0_0.01,min_k5,1465.6892805989582,16.470384492422056,0.1745076082797692
textured,gaussian_0_0.01,max_k5,4271.468395182292,11.825031635245917,0.19182714961626937
textured,gaussian_0_0.01,midpoint_k5,720.1763411458334,19.556415108120714,0.37614040109938224
textured,gaussian_0_0.01,alpha_trimmed_k5_d2,241.924775390625,24.294000143561213,0.6153101275243987
textured,gaussian_0_0.01,alpha_trimmed_k5_d6,231.82915364583334,24.479123111584894,0.638977152319669
textured,gaussian_0_0.01,adaptive_local_noise_reduction_k5,187.78526692708334,25.39418845053185,0.5306230731910112
textured,gaussian_0_0.01,adaptive_median_Smax7,280.65252604166665,23.64911405382877,0.4001080606952839
textured,gaussian_0_0.05,arithmetic_mean_k3,546.1458723958333,20.757717051313055,0.3111667099993172
textured,gaussian_0_0.05,geometric_mean_k3,922.80736328125,18.479693096746225,0.22935033060984492
textured,gaussian_0_0.05,harmonic_mean_k3,1107.661669921875,17.68673233439393,0.1937250376819744
textured,gaussian_0_0.05,contraharmonic_k3_Q1,3599.3890983072915,12.568515639194173,0.15848890538198132
textured,gaussian_0_0.05,contraharmonic_k3_Q-1,1107.661669921875,17.68673233439393,0.1937250376819744
textured,gaussian_0_0.05,median_k3,496.088564453125,21.17521144821739,0.29358841266557945
textured,gaussian_0_0.05,min_k3,1627.87556640625,16.014591561921826,0.16367638309440447
textured,gaussian_0_0.05,max_k3,8531.626884765625,8.820485067570283,0.10012346870403532
textured,gaussian_0_0.05,midpoint_k3,1550.0202473958334,16.2274298961707,0.20212557206248163
textured,gaussian_0_0.05,alpha_trimmed_k3_d2,440.076162109375,21.69552516378456,0.32418070547590416
textured,gaussian_0_0.05,alpha_trimmed_k3_d6,433.72289388020835,21.758680140628677,0.31912684476334724
textured,gaussian_0_0.05,adaptive_local_noise_reduction_k3,757.453173828125,19.33724571187486,0.2494641017044222
textured,gaussian_0_0.05,arithmetic_mean_k5,513.2750325520833,21.02730221657954,0.38956427493614604
textured,gaussian_0_0.05,geometric_mean_k5,1148.8682291666667,17.52810141254949,0.1872259535497645
textured,gaussian_0_0.05,harmonic_mean_k5,1546.8107779947916,16.236431713436886,0.1580611190497346
textured,gaussian_0_0.05,contraharmonic_k5_Q1,3895.1905989583333,12.225516474984454,0.19064259150102267
textured,gaussian_0_0.05,contraharmonic_k5_Q-1,1546.8107779947916,16.236431713436886,0.1580611190497346
textured,gaussian_0_0.05,median_k5,358.91032552083334,22.580944081010813,0.4138156669620194
textured,gaussian_0_0.05,min_k5,2196.1717805989583,14.714140540295286,0.13795719225441946
textured,gaussian_0_0.05,max_k5,14018.564339192708,6.66376821666096,0.08226093348865815
textured,gaussian_0_0.05,midpoint_k5,2624.1791438802084,13.940868813293152,0.18359223977504824
textured,gaussian_0_0.05,alpha_trimmed_k5_d2,441.81287434895836,21.678419938837713,0.4050385116725623
textured,gaussian_0_0.05,alpha_trimmed_k5_d6,367.866025390625,22.473906808560567,0.4272421156531394
textured,gaussian_0_0.05,adaptive_local_noise_reduction_k5,649.1880826822917,20.007098220994596,0.3012712220870153
textured,gaussian_0_0.05,adaptive_median_Smax7,1033.3665787760417,17.988259494177584,0.18084161975611066
textured,rayleigh_0.1,arithmetic_mean_k3,1097.302822265625,17.727538646602476,0.4176684522898415
textured,rayleigh_0.1,geometric_mean_k3,900.5709440104166,18.58562430077003,0.43320586558893226
textured,rayleigh_0.1,harmonic_mean_k3,757.878583984375,19.334807258548633,0.4384613466614643
textured,rayleigh_0.1,contraharmonic_k3_Q1,1621.74984375,16.030964961084184,0.36801731712173874
textured,rayleigh_0.1,contraharmonic_k3_Q-1,757.878583984375,19.334807258548633,0.4384613466614643
textured,rayleigh_0.1,median_k3,1033.5862825520833,17.98733624005087,0.3956394933326949
textured,rayleigh_0.1,min_k3,382.318623046875,22.306549075009695,0.49741132009681627
textured,rayleigh_0.1,max_k3,4498.47013671875,11.600155191251279,0.20952634942231313
textured,rayleigh_0.1,midpoint_k3,1380.9844140625,16.72891583755498,0.35757561504324864
textured,rayleigh_0.1,alpha_trimmed_k3_d2,1045.3563541666667,17.938159974385663,0.41876117777462796
textured,rayleigh_0.1,alpha_trimmed_k3_d6,1009.71498046875,18.08881561222386,0.4098264790107495
textured,rayleigh_0.1,adaptive_local_noise_reduction_k3,1021.5919401041666,18.038029029849998,0.4344008719975346
textured,rayleigh_0.1,arithmetic_mean_k5,1162.563095703125,17.47663828233154,0.40762758538954513
textured,rayleigh_0.1,geometric_mean_k5,937.4894856770833,18.411139552287192,0.4247162545382431
textured,rayleigh_0.1,harmonic_mean_k5,772.3723567708333,19.252536388945792,0.4365978132669092
textured,rayleigh_0.1,contraharmonic_k5_Q1,1796.7126692708334,15.586017306857824,0.36364810523460656
textured,rayleigh_0.1,contraharmonic_k5_Q-1,772.3723567708333,19.252536388945792,0.4365978132669092
textured,rayleigh_0.1,median_k5,1061.8570149739583,17.870143203828302,0.40279227038045334
textured,rayleigh_0.1,min_k5,536.7899674479166,20.832759705525888,0.5534567205066416
textured,rayleigh_0.1,max_k5,6842.026041666667,9.778956380328085,0.17296848803577405
textured,rayleigh_0.1,midpoint_k5,1765.771767578125,15.66145792139923,0.31598748783111263
textured,rayleigh_0.1,alpha_trimmed_k5_d2,1126.5430501302083,17.613325682019763,0.4109068509199705
textured,rayleigh_0.1,alpha_trimmed_k5_d6,1083.510986328125,17.782470416334014,0.41392564019682604
textured,rayleigh_0.1,adaptive_local_noise_reduction_k5,1010.46544921875,18.085588925664894,0.46544676966865994
textured,rayleigh_0.1,adaptive_median_Smax7,1104.9348372395834,17.697436943053685,0.3399830983769198
textured,rayleigh_0.3,arithmetic_mean_k3,9002.66515625,8.58709263505498,0.1578747085089028
textured,rayleigh_0.3,geometric_mean_k3,7210.739280598958,9.551005678509037,0.16875369170149887
textured,rayleigh_0.3,harmonic_mean_k3,5649.537154947917,10.610674916831453,0.1735655283070997
textured,rayleigh_0.3,contraharmonic_k3_Q1,13000.297330729167,6.991270756673577,0.12921287239573515
textured,rayleigh_0.3,contraharmonic_k3_Q-1,5649.537154947917,10.610674916831453,0.1735655283070997
textured,rayleigh_0.3,median_k3,8573.973391927084,8.798982294606363,0.137105905818444
textured,rayleigh_0.3,min_k3,1359.08591796875,16.798334482706178,0.21540988023732802
textured,rayleigh_0.3,max_k3,30519.877643229167,3.284975727048878,0.05220698250003587
textured,rayleigh_0.3,midpoint_k3,10473.726705729166,7.929791233381751,0.13162161253962004
textured,rayleigh_0.3,alpha_trimmed_k3_d2,8695.61439453125,8.737800880739808,0.15494929304668303
textured,rayleigh_0.3,alpha_trimmed_k3_d6,8496.189807942708,8.83856154726874,0.14580218112223395
textured,rayleigh_0.3,adaptive_local_noise_reduction_k3,9069.436832682291,8.555000405169586,0.15680447004528936
textured,rayleigh_0.3,arithmetic_mean_k5,8915.811975911458,8.629194597278515,0.18051892615480847
textured,rayleigh_0.3,geometric_mean_k5,6951.635501302083,9.70993368417404,0.19466490006865403
textured,rayleigh_0.3,harmonic_mean_k5,5137.041110026042,11.02367319615829,0.20321657648791347
textured,rayleigh_0.3,contraharmonic_k5_Q1,13272.019026692707,6.901433652490044,0.1475098913600107
textured,rayleigh_0.3,contraharmonic_k5_Q-1,5137.041110026042,11.02367319615829,0.20321657648791347
textured,rayleigh_0.3,median_k5,8285.48205078125,8.94762580049295,0.16216335183054914
textured,rayleigh_0.3,min_k5,719.3045833333333,19.561675332794366,0.3058742942152536
textured,rayleigh_0.3,max_k5,39596.795862630206,2.1542031624236007,0.043887176298870616
textured,rayleigh_0.3,midpoint_k5,11558.343323567708,7.501847704679069,0.12910617789048778
textured,rayleigh_0.3,alpha_trimmed_k5_d2,8729.383763020833,8.72096774409279,0.18027479685664582
textured,rayleigh_0.3,alpha_trimmed_k5_d6,8493.32931640625,8.840023973241436,0.17934996491974176
textured,rayleigh_0.3,adaptive_local_noise_reduction_k5,8907.384576822917,8.633301574590778,0.18430883997098263
textured,rayleigh_0.3,adaptive_median_Smax7,9407.425413411458,8.396095771576707,0.1048233756026648
textured,erlang_2_5,arithmetic_mean_k3,9580.289700520834,8.31701718862925,0.13857844049537216
textured,erlang_2_5,geometric_mean_k3,6908.908655598958,9.736709100615057,0.15728960062698474
textured,erlang_2_5,harmonic_mean_k3,4867.872838541667,11.257411360594672,0.17160823246822965
textured,erlang_2_5,contraharmonic_k3_Q1,16196.206888020834,6.036670451207597,0.1025594881465565
textured,erlang_2_5,contraharmonic_k3_Q-1,4867.872838541667,11.257411360594672,0.17160823246822965
textured,erlang_2_5,median_k3,8380.157727864584,8.898281680494973,0.1198938681468683
textured,erlang_2_5,min_k3,966.4208333333333,18.27914077314174,0.2515991301474785
textured,erlang_2_5,max_k3,39544.92619791667,2.1598959150709316,0.0371562083887887
textured,erlang_2_5,midpoint_k3,12322.06669921875,7.223968055726482,0.12069829876122329
textured,erlang_2_5,alpha_trimmed_k3_d2,8992.947884114583,8.591782842683102,0.1344333248611147
textured,erlang_2_5,alpha_trimmed_k3_d6,8349.635065104167,8.914128665429889,0.12752503078447577
textured,erlang_2_5,adaptive_local_noise_reduction_k3,9670.452880859375,8.276335476894973,0.13782908257157248
textured,erlang_2_5,arithmetic_mean_k5,9398.009293619793,8.400444907102605,0.1630203602471276
textured,erlang_2_5,geometric_mean_k5,6526.21681640625,9.984188628833147,0.1871349845200104
textured,erlang_2_5,harmonic_mean_k5,4255.860589192708,11.840929676936927,0.20813289508206176
textured,erlang_2_5,contraharmonic_k5_Q1,16568.713509114583,5.937915722785654,0.11954734075808368
textured,erlang_2_5,contraharmonic_k5_Q-1,4255.860589192708,11.840929676936927,0.20813289508206176
textured,erlang_2_5,median_k5,7757.349007161459,9.23367029849835,0.14846435947306863
textured,erlang_2_5,min_k5,580.8450553385417,20.49020064253721,0.3689816079810486
textured,erlang_2_5,max_k5,48968.29744140625,1.231653563934208,0.04669998492380652
textured,erlang_2_5,midpoint_k5,13470.813151041666,6.836865486377631,0.139598466339861
textured,erlang_2_5,alpha_trimmed_k5_d2,9115.128951822917,8.533175438649586,0.1612772941512111
textured,erlang_2_5,alpha_trimmed_k5_d6,8558.188037109376,8.806985364692544,0.16079253842349306
textured,erlang_2_5,adaptive_local_noise_reduction_k5,9417.413961588541,8.391486997311787,0.16296218226776008
textured,erlang_2_5,adaptive_median_Smax7,9748.453411458333,8.241446403639468,0.09276350016977633
textured,erlang_2_10,arithmetic_mean_k3,2684.080817057292,13.842847726669254,0.26072465579252574
textured,erlang_2_10,geometric_mean_k3,1932.26255859375,15.270142222247895,0.2961715156189612
textured,erlang_2_10,harmonic_mean_k3,1413.1275227864583,16.62899005853391,0.3193639048551525
textured,erlang_2_10,contraharmonic_k3_Q1,4851.718040364583,11.271848071465676,0.18680146267031986
textured,erlang_2_10,contraharmonic_k3_Q-1,1413.1275227864583,16.62899005853391,0.3193639048551525
textured,erlang_2_10,median_k3,2194.603828125,14.717242284483348,0.2548522871405473
textured,erlang_2_10,min_k3,427.037578125,21.826142674488572,0.4298001120342269
textured,erlang_2_10,max_k3,14407.207379557292,6.545005533491429,0.08126482581470147
textured,erlang_2_10,midpoint_k3,4204.059124348958,11.894115457101027,0.17931393721326763
textured,erlang_2_10,alpha_trimmed_k3_d2,2375.7972102864583,14.37270992829867,0.27080965756089553
textured,erlang_2_10,alpha_trimmed_k3_d6,2173.502119140625,14.75920292908512,0.2674990728446984
textured,erlang_2_10,adaptive_local_noise_reduction_k3,2733.8934212239583,13.76298780949397,0.2513624536239824
textured,erlang_2_10,arithmetic_mean_k5,2680.332770182292,13.848916447188753,0.28776410692804477
textured,erlang_2_10,geometric_mean_k5,1874.4826139322918,15.401989442289242,0.32458855843875395
textured,erlang_2_10,harmonic_mean_k5,1306.8511686197917,16.968542303092534,0.3529706701621648
textured,erlang_2_10,contraharmonic_k5_Q1,5063.0818880208335,11.08665409339654,0.20737228802926114
textured,erlang_2_10,contraharmonic_k5_Q-1,1306.8511686197917,16.968542303092534,0.3529706701621648
textured,erlang_2_10,median_k5,2093.1615494791668,14.92277612538864,0.2936070104156358
textured,erlang_2_10,min_k5,517.5506119791667,20.991275344133832,0.5259914078375288
textured,erlang_2_10,max_k5,22024.082587890625,4.701825339229779,0.05961714120097919
textured,erlang_2_10,midpoint_k5,5697.037412109375,10.574312894155646,0.1504204560070844
textured,erlang_2_10,alpha_trimmed_k5_d2,2494.2721809895834,14.161365178793076,0.29560208300485774
textured,erlang_2_10,alpha_trimmed_k5_d6,2291.6591373697916,14.52930339967072,0.30331349416133274
textured,erlang_2_10,adaptive_local_noise_reduction_k5,2628.2598177083332,13.934120654978413,0.2948111504705538
textured,erlang_2_10,adaptive_median_Smax7,2679.657900390625,13.850010076808976,0.19248930971694883
textured,exponential_1,arithmetic_mean_k3,22843.730690104167,4.543133293406426,0.07379693411880375
textured,exponential_1,geometric_mean_k3,15897.128619791667,6.117616728489392,0.08331203940114215
textured,exponential_1,harmonic_mean_k3,10005.60263671875,8.12837109582872,0.09300228406062146
textured,exponential_1,contraharmonic_k3_Q1,35168.34505533854,2.669284290094569,0.05800325578984344
textured,exponential_1,contraharmonic_k3_Q-1,10005.60263671875,8.12837109582872,0.09300228406062146
textured,exponential_1,median_k3,30742.904365234375,3.253354667929517,0.03771177392241481
textured,exponential_1,min_k3,1727.893056640625,15.755635013987137,0.1595982305025638
textured,exponential_1,max_k3,51984.94068359375,0.9720280810281208,0.06490018514948981
textured,exponential_1,midpoint_k3,16402.7841015625,5.981627922515672,0.11579660981669294
textured,exponential_1,alpha_trimmed_k3_d2,25092.334713541666,4.135392887906484,0.06278178125436633
textured,exponential_1,alpha_trimmed_k3_d6,29183.20587890625,3.479473618971283,0.044359701531258296
textured,exponential_1,adaptive_local_noise_reduction_k3,22888.136774088543,4.534699208219083,0.0735902071045895
textured,exponential_1,arithmetic_mean_k5,22423.179241536458,4.623831723605621,0.0910479724696449
textured,exponential_1,geometric_mean_k5,14560.534091796875,6.49903055336905,0.10375857323236017
textured,exponential_1,harmonic_mean_k5,7366.634436848958,9.458112419833585,0.12290885238215574
textured,exponential_1,contraharmonic_k5_Q1,35621.38685221354,2.613695369664395,0.0745671452971556
textured,exponential_1,contraharmonic_k5_Q-1,7366.634436848958,9.458112419833585,0.12290885238215574
textured,exponential_1,median_k5,31155.9408984375,3.195394895387515,0.03927069714053081
textured,exponential_1,min_k5,560.2371549479167,20.64708452999841,0.3695524456881773
textured,exponential_1,max_k5,52145.7113671875,0.9586176442661709,0.06912182703336292
textured,exponential_1,midpoint_k5,13933.515403645833,6.690196588162161,0.15498760468277592
textured,exponential_1,alpha_trimmed_k5_d2,23295.552630208334,4.458073433833817,0.0860982480851609
textured,exponential_1,alpha_trimmed_k5_d6,25051.805791015624,4.142413246044544,0.07590243702679213
textured,exponential_1,adaptive_local_noise_reduction_k5,22443.92640950521,4.619815248250046,0.09027256864554481
textured,exponential_1,adaptive_median_Smax7,23033.3379296875,4.5072348154892925,0.04210470643350778
textured,exponential_3,arithmetic_mean_k3,6488.863040364583,10.009117532127206,0.14870548926908914
textured,exponential_3,geometric_mean_k3,3635.8010481770834,12.52480250356162,0.18685789587935933
textured,exponential_3,harmonic_mean_k3,2028.7032682291667,15.058618320183196,0.2274205759222327
textured,exponential_3,contraharmonic_k3_Q1,15111.974098307292,6.337591603276016,0.09396130567174585
textured,exponential_3,contraharmonic_k3_Q-1,2028.7032682291667,15.058618320183196,0.2274205759222327
textured,exponential_3,median_k3,4869.957679036458,11.255551737478955,0.13600472282882645
textured,exponential_3,min_k3,412.713291015625,21.974319057491577,0.41708344949374054
textured,exponential_3,max_k3,38593.75021484375,2.265633791745006,0.033352115994437596
textured,exponential_3,midpoint_k3,10361.519742838542,7.976569020297908,0.11952852342424528
textured,exponential_3,alpha_trimmed_k3_d2,5704.884680989583,10.568334908894988,0.14691333013835584
textured,exponential_3,alpha_trimmed_k3_d6,4873.63828125,11.252270679204441,0.14404704819439249
textured,exponential_3,adaptive_local_noise_reduction_k3,6591.812724609375,9.940755004409985,0.14796551969388375
textured,exponential_3,arithmetic_mean_k5,6258.479026692708,10.166115596979658,0.1771784508111106
textured,exponential_3,geometric_mean_k5,3268.0491341145835,12.987917834743545,0.22781082392855023
textured,exponential_3,harmonic_mean_k5,1620.9730924479168,16.033045550868728,0.2899635284586083
textured,exponential_3,contraharmonic_k5_Q1,15601.29173828125,6.1991980279661165,0.10893690597059598
textured,exponential_3,contraharmonic_k5_Q-1,1620.9730924479168,16.033045550868728,0.2899635284586083
textured,exponential_3,median_k5,4146.012897135417,11.954497121341802,0.1738634736272424
textured,exponential_3,min_k5,524.9515201822917,20.92961163156216,0.5963789758033513
textured,exponential_3,max_k5,49169.49744140625,1.2138459145388256,0.044857457339123996
textured,exponential_3,midpoint_k5,12210.223636067709,7.263567425396765,0.1441780953821827
textured,exponential_3,alpha_trimmed_k5_d2,5874.427919921875,10.441147815528058,0.1763451669544151
textured,exponential_3,alpha_trimmed_k5_d6,5160.91107421875,11.003539849037164,0.17938102415120427
textured,exponential_3,adaptive_local_noise_reduction_k5,6283.407021484375,10.148851678622503,0.1770475133042107
textured,exponential_3,adaptive_median_Smax7,6556.630110677083,9.963996770371452,0.10315488379031665
textured,uniform_-0.1_0.1,arithmetic_mean_k3,147.88211263020833,26.4316471463165,0.706320408084821
textured,uniform_-0.1_0.1,geometric_mean_k3,315.7380729166667,23.13753406911519,0.44392984663858487
textured,uniform_-0.1_0.1,harmonic_mean_k3,401.69591145833334,22.091829494502075,0.39639199082967363
textured,uniform_-0.1_0.1,contraharmonic_k3_Q1,382.85931966145836,22.300411375996827,0.5490167990088336
textured,uniform_-0.1_0.1,contraharmonic_k3_Q-1,401.69591145833334,22.091829494502075,0.39639199082967363
textured,uniform_-0.1_0.1,median_k3,160.87294270833334,26.065973548086543,0.6352467293771221
textured,uniform_-0.1_0.1,min_k3,731.30525390625,19.48981667336598,0.30909563989227257
textured,uniform_-0.1_0.1,max_k3,1157.0553287760417,17.497262340617098,0.43339497589139786
textured,uniform_-0.1_0.1,midpoint_k3,224.48828125,24.61886686002046,0.6519798034555448
textured,uniform_-0.1_0.1,alpha_trimmed_k3_d2,143.916767578125,26.549689648296688,0.7021947290775985
textured,uniform_-0.1_0.1,alpha_trimmed_k3_d6,148.37837239583334,26.41709757995359,0.6706081760772872
textured,uniform_-0.1_0.1,adaptive_local_noise_reduction_k3,84.95883463541666,28.838718142265506,0.6630834036551569
textured,uniform_-0.1_0.1,arithmetic_mean_k5,221.14535807291668,24.684025330767145,0.6922892312848966
textured,uniform_-0.1_0.1,geometric_mean_k5,473.21002278645835,21.380264262755965,0.36823395451121627
textured,uniform_-0.1_0.1,harmonic_mean_k5,636.7716438802083,20.090966453037304,0.3101812586914931
textured,uniform_-0.1_0.1,contraharmonic_k5_Q1,543.22916015625,20.780972863498004,0.5266055487232677
textured,uniform_-0.1_0.1,contraharmonic_k5_Q-1,636.7716438802083,20.090966453037304,0.3101812586914931
textured,uniform_-0.1_0.1,median_k5,226.83421223958334,24.57371803299968,0.6748014036170552
textured,uniform_-0.1_0.1,min_k5,1137.5883040364583,17.570952426004848,0.230016482396637
textured,uniform_-0.1_0.1,max_k5,2338.045231119792,14.442274522304018,0.36875408117052794
textured,uniform_-0.1_0.1,midpoint_k5,426.505546875,21.831556771544285,0.5691485219867691
textured,uniform_-0.1_0.1,alpha_trimmed_k5_d2,217.59533528645832,24.754307799569585,0.6992291248467593
textured,uniform_-0.1_0.1,alpha_trimmed_k5_d6,214.6115234375,24.814273234292273,0.7093908805043773
textured,uniform_-0.1_0.1,adaptive_local_noise_reduction_k5,85.78876302083333,28.796499550430205,0.6770491461036854
textured,uniform_-0.1_0.1,adaptive_median_Smax7,156.95179361979166,26.173140777561738,0.5390553812614217
textured,uniform_-0.3_0.3,arithmetic_mean_k3,395.0265169270833,22.164541113969477,0.37658592113831757
textured,uniform_-0.3_0.3,geometric_mean_k3,738.88484375,19.445036026096588,0.2548629869814954
textured,uniform_-0.3_0.3,harmonic_mean_k3,880.7408723958333,18.68232209824921,0.22045326528846282
textured,uniform_-0.3_0.3,contraharmonic_k3_Q1,2032.0369401041667,15.051487622080074,0.25091194413849477
textured,uniform_-0.3_0.3,contraharmonic_k3_Q-1,880.7408723958333,18.68232209824921,0.22045326528846282
textured,uniform_-0.3_0.3,median_k3,480.9063899739583,21.310198131307793,0.2913001710823978
textured,uniform_-0.3_0.3,min_k3,1344.5603190104166,16.8450007076395,0.18451724338102804
textured,uniform_-0.3_0.3,max_k3,4555.3024609375,11.545631425105608,0.19321198572455978
textured,uniform_-0.3_0.3,midpoint_k3,744.062587890625,19.4147089248293,0.3687851382830466
textured,uniform_-0.3_0.3,alpha_trimmed_k3_d2,370.13887369791667,22.447156617605877,0.35924246538244986
textured,uniform_-0.3_0.3,alpha_trimmed_k3_d6,410.94187825520834,21.992999592789722,0.3227516140950835
textured,uniform_-0.3_0.3,adaptive_local_noise_reduction_k3,514.7767350260417,21.01461449826949,0.31011466781479885
textured,uniform_-0.3_0.3,arithmetic_mean_k5,403.32845703125,22.074214959253922,0.44844596881652354
textured,uniform_-0.3_0.3,geometric_mean_k5,945.69498046875,18.373292769606373,0.20977066043466502
textured,uniform_-0.3_0.3,harmonic_mean_k5,1208.579638671875,17.30805087592025,0.1831584959779697
textured,uniform_-0.3_0.3,contraharmonic_k5_Q1,2240.2782486979168,14.62778398618861,0.2944080259768515
textured,uniform_-0.3_0.3,contraharmonic_k5_Q-1,1208.579638671875,17.30805087592025,0.1831584959779697
textured,uniform_-0.3_0.3,median_k5,362.4638671875,22.53815641169764,0.3998138306401432
textured,uniform_-0.3_0.3,min_k5,1811.19654296875,15.551147802969174,0.15448354665083958
textured,uniform_-0.3_0.3,max_k5,6765.003938802083,9.828123070740302,0.20455797038936868
textured,uniform_-0.3_0.3,midpoint_k5,1130.5494108072917,17.597908128755936,0.3720185885931758
textured,uniform_-0.3_0.3,alpha_trimmed_k5_d2,376.681806640625,22.3710571615281,0.4497677165768964
textured,uniform_-0.3_0.3,alpha_trimmed_k5_d6,340.9798274739583,22.803516741800692,0.45179401767130134
textured,uniform_-0.3_0.3,adaptive_local_noise_reduction_k5,481.830888671875,21.301857230516845,0.35151843607353983
textured,uniform_-0.3_0.3,adaptive_median_Smax7,853.58923828125,18.81831429831688,0.19677523772885683
textured,salt_pepper_d0.05,arithmetic_mean_k3,307.739619140625,23.248969489021917,0.46676611758678704
textured,salt_pepper_d0.05,geometric_mean_k3,722.75025390625,19.540921079550813,0.5752177975301814
textured,salt_pepper_d0.05,harmonic_mean_k3,901.3836881510416,18.581706662522002,0.5348333941320598
textured,salt_pepper_d0.05,contraharmonic_k3_Q1,6359.9286067708335,10.096281203546377,0.2159823804545425
textured,salt_pepper_d0.05,contraharmonic_k3_Q-1,901.3836881510416,18.581706662522002,0.5348333941320598
textured,salt_pepper_d0.05,median_k3,120.06335286458334,27.336698936600232,0.8771074269210956
textured,salt_pepper_d0.05,min_k3,1091.3480794270833,17.751170723651512,0.4663516054570891
textured,salt_pepper_d0.05,max_k3,11429.039163411459,7.550706399711842,0.14621336683757158
textured,salt_pepper_d0.05,midpoint_k3,2765.3211360677083,13.713347877864477,0.1863604576993457
textured,salt_pepper_d0.05,alpha_trimmed_k3_d2,152.30084309895832,26.30378053380772,0.7696674338146727
textured,salt_pepper_d0.05,alpha_trimmed_k3_d6,117.87736002604167,27.416499600130727,0.876963716127687
textured,salt_pepper_d0.05,adaptive_local_noise_reduction_k3,811.216044921875,19.039438289475342,0.3964521551793005
textured,salt_pepper_d0.05,arithmetic_mean_k5,293.62369466145833,23.452892617849667,0.5293657392079424
textured,salt_pepper_d0.05,geometric_mean_k5,891.04203125,18.631821702884896,0.5036132257474477
textured,salt_pepper_d0.05,harmonic_mean_k5,1797.4798958333333,15.584163192135318,0.3282190097284894
textured,salt_pepper_d0.05,contraharmonic_k5_Q1,9343.500166015625,8.42570763221529,0.14793459075291546
textured,salt_pepper_d0.05,contraharmonic_k5_Q-1,1797.4798958333333,15.584163192135318,0.3282190097284894
textured,salt_pepper_d0.05,median_k5,210.51759440104166,24.897919622070823,0.8045159248204364
textured,salt_pepper_d0.05,min_k5,2010.39369140625,15.097992480926589,0.27774359800804743
textured,salt_pepper_d0.05,max_k5,25711.531692708333,4.029524115732831,0.055705496256869234
textured,salt_pepper_d0.05,midpoint_k5,5876.480498046875,10.439630616464424,0.0761462979213428
textured,salt_pepper_d0.05,alpha_trimmed_k5_d2,233.17961263020834,24.45389784374659,0.6831183021592535
textured,salt_pepper_d0.05,alpha_trimmed_k5_d6,206.62048502604168,24.979069841841085,0.7913592286774453
textured,salt_pepper_d0.05,adaptive_local_noise_reduction_k5,414.6129329427083,21.954375160332432,0.4881418236175847
textured,salt_pepper_d0.05,adaptive_median_Smax7,50.70976236979167,31.079887854557107,0.9480870510408786
textured,salt_pepper_d0.15,arithmetic_mean_k3,802.9478678385417,19.08393011660238,0.24601343603307602
textured,salt_pepper_d0.15,geometric_mean_k3,1493.5538248697917,16.388594824897158,0.40980334419869846
textured,salt_pepper_d0.15,harmonic_mean_k3,1773.576484375,15.642304389785963,0.36857653363952864
textured,salt_pepper_d0.15,contraharmonic_k3_Q1,16160.81169596354,6.046171909253172,0.08026581795070618
textured,salt_pepper_d0.15,contraharmonic_k3_Q-1,1773.576484375,15.642304389785963,0.36857653363952864
textured,salt_pepper_d0.15,median_k3,155.329052734375,26.21827667134413,0.858005876721934
textured,salt_pepper_d0.15,min_k3,1892.7534798177082,15.359863075626823,0.32437139636477397
textured,salt_pepper_d0.15,max_k3,26443.867779947916,3.90755383857677,0.0364034644033814
textured,salt_pepper_d0.15,midpoint_k3,6165.510237630208,10.231113376461629,0.05490363858527005
textured,salt_pepper_d0.15,alpha_trimmed_k3_d2,395.308037109375,22.16144716682367,0.43507376055310987
textured,salt_pepper_d0.15,alpha_trimmed_k3_d6,160.45101236979167,26.077378992355328,0.8237174009968357
textured,salt_pepper_d0.15,adaptive_local_noise_reduction_k3,1302.7743098958333,16.98211174976061,0.2192297226839496
textured,salt_pepper_d0.15,arithmetic_mean_k5,610.5927994791666,20.27328682367605,0.31982330087078575
textured,salt_pepper_d0.15,geometric_mean_k5,1782.289296875,15.621021618185136,0.36157422339526907
textured,salt_pepper_d0.15,harmonic_mean_k5,2840.957119140625,13.59615682252736,0.18768914189489028
textured,salt_pepper_d0.15,contraharmonic_k5_Q1,21221.53677408854,4.863035303911651,0.07077020184535936
textured,salt_pepper_d0.15,contraharmonic_k5_Q-1,2840.957119140625,13.59615682252736,0.18768914189489028
textured,salt_pepper_d0.15,median_k5,218.330341796875,24.739662662065243,0.8002389295243464
textured,salt_pepper_d0.15,min_k5,2905.6554427083333,13.498362471902697,0.16839182908795472
textured,salt_pepper_d0.15,max_k5,44738.39325846354,1.6239997814604354,0.02544510957144192
textured,salt_pepper_d0.15,midpoint_k5,9876.697194010416,8.184686217683605,0.04385453972654716
textured,salt_pepper_d0.15,alpha_trimmed_k5_d2,435.616865234375,21.739756754213705,0.38815222155546786
textured,salt_pepper_d0.15,alpha_trimmed_k5_d6,257.205185546875,24.028006406604717,0.6459774285238339
textured,salt_pepper_d0.15,adaptive_local_noise_reduction_k5,809.8335904947917,19.046845742789557,0.29829096249486564
textured,salt_pepper_d0.15,adaptive_median_Smax7,63.231513671875,30.12146782542367,0.9426602292421135
